Plot_Name,Location_Type,Species_Richness,Total_Detections,Avg_Temperature,Avg_Humidity,Avg_Start_Hour,Avg_Duration,Watchlist_Rate,Flyover_Rate,Visits
ANTI-0007,Grassland,23,42,25.776190167381635,67.61190496172222,7.333333333333333,10.0,0.0,0.047619047619047616,3
ANTI-0008,Grassland,20,44,24.854545419866387,72.79090881347656,6.7272727272727275,10.0,0.0,0.06818181818181818,3
ANTI-0009,Grassland,25,47,23.255319027190524,77.14893665719539,6.659574468085107,10.0,0.0,0.0851063829787234,3
ANTI-0015,Grassland,22,57,24.603509401020272,66.20350887900905,6.649122807017544,10.0,0.0,0.2982456140350877,3
ANTI-0016,Grassland,24,58,26.55172459832556,63.19137829747696,7.689655172413793,10.0,0.0,0.08620689655172414,3
ANTI-0017,Grassland,21,47,24.340425531914892,72.54680941967254,6.76595744680851,10.0,0.0,0.06382978723404255,3
ANTI-0018,Grassland,22,42,21.423809868948812,80.28571537562779,6.761904761904762,10.0,0.023809523809523808,0.07142857142857142,3
ANTI-0025,Forest,12,22,24.93636339361019,67.33636266534978,6.090909090909091,10.0,0.0,0.13636363636363635,2
ANTI-0026,Grassland,22,38,24.47105272192706,73.32368469238281,6.5,10.0,0.0,0.05263157894736842,3
ANTI-0027,Grassland,17,47,22.65957487390399,76.30212824395362,6.531914893617022,10.0,0.0,0.06382978723404255,3
ANTI-0028,Grassland,24,53,21.439622447175775,75.02264130790279,6.320754716981132,10.0,0.0,0.03773584905660377,3
ANTI-0034,Grassland,25,53,29.556603161793845,57.592452858978845,8.358490566037736,10.0,0.0,0.07547169811320754,3
ANTI-0035,Grassland,15,36,25.66111172570122,65.29166730244954,7.722222222222222,10.0,0.0,0.19444444444444445,3
ANTI-0036,Forest,19,34,21.002940795000885,79.13529631670784,6.882352941176471,10.0,0.0,0.0,2
ANTI-0043,Grassland,14,17,27.6000003814697,59.9000015258789,9.0,10.0,0.0,0.0,1
ANTI-0044,Grassland,16,37,29.299999340160472,58.00810715958876,8.594594594594595,10.0,0.0,0.05405405405405406,3
ANTI-0045,Grassland,20,39,23.815384693634797,75.67435944386018,6.743589743589744,10.0,0.0,0.05128205128205128,3
ANTI-0052,Forest,18,29,24.300000420932136,60.47241447711813,6.793103448275862,10.0,0.034482758620689655,0.0,2
ANTI-0053,Grassland,18,37,27.62162234332111,60.62162059062236,7.648648648648648,10.0,0.0,0.13513513513513514,3
ANTI-0054,Grassland,12,14,20.0,79.0,5.0,10.0,0.0,0.0,1
ANTI-0063,Grassland,20,49,26.861224077185764,60.965305717624,7.775510204081633,10.0,0.0,0.0,3
ANTI-0066,Grassland,19,34,22.21470653309544,74.9382339926327,7.5588235294117645,10.0,0.0,0.08823529411764706,3
ANTI-0072,Forest,18,24,20.974999904632575,67.63750028610231,7.5,10.0,0.041666666666666664,0.0,2
ANTI-0074,Grassland,9,13,28.3692307105431,57.59230921818659,10.0,10.0,0.0,0.15384615384615385,3
ANTI-0075,Grassland,22,44,24.6772721897472,64.57272772355515,8.590909090909092,10.0,0.0,0.1590909090909091,3
ANTI-0076,Grassland,23,39,21.412820424789015,75.97435897435898,6.948717948717949,10.0,0.0,0.0,3
ANTI-0077,Grassland,25,48,20.70833319425583,75.89791790644327,7.1875,10.0,0.020833333333333332,0.041666666666666664,3
ANTI-0078,Forest,15,24,22.783333460489917,66.05000241597493,7.416666666666667,10.0,0.0,0.0,2
ANTI-0079,Grassland,22,47,21.15106355383039,74.66383053394074,7.48936170212766,10.0,0.02127659574468085,0.06382978723404255,3
ANTI-0082,Forest,15,21,22.371428353445836,71.15237935384116,5.523809523809524,10.0,0.0,0.0,2
ANTI-0087,Grassland,15,39,22.320512869419193,67.47692245092148,7.0,10.0,0.0,0.20512820512820512,3
ANTI-0088,Grassland,18,44,25.509090510281638,64.92272654446687,7.363636363636363,10.0,0.0,0.0,3
ANTI-0089,Grassland,20,45,21.57777777777778,67.56666581895617,6.866666666666666,10.0,0.0,0.06666666666666667,3
ANTI-0090,Grassland,19,36,23.102777587042926,76.68055364820694,7.361111111111111,10.0,0.0,0.05555555555555555,3
ANTI-0091,Grassland,23,44,19.690908995541673,76.61136575178665,7.2272727272727275,10.0,0.022727272727272728,0.022727272727272728,3
ANTI-0092,Forest,17,28,20.128571578434528,72.55000032697406,8.178571428571429,10.0,0.03571428571428571,0.03571428571428571,2
ANTI-0101,Grassland,16,36,21.54166682561242,71.41389041476779,7.333333333333333,10.0,0.0,0.08333333333333333,3
ANTI-0102,Grassland,16,34,23.7382354736328,66.17941373937269,7.4411764705882355,10.0,0.0,0.11764705882352941,3
ANTI-0103,Grassland,18,45,19.646666929456938,71.83555348714192,6.022222222222222,10.0,0.0,0.08888888888888889,3
ANTI-0104,Grassland,18,33,20.881818597966983,69.98181707208805,6.7272727272727275,10.0,0.0,0.09090909090909091,3
ANTI-0105,Grassland,27,55,21.960000402277178,81.02727300470525,6.945454545454545,10.0,0.0,0.09090909090909091,3
ANTI-0106,Grassland,16,33,22.07575763355603,73.92424126827356,6.96969696969697,10.0,0.0,0.030303030303030304,3
ANTI-0107,Grassland,19,40,21.675000190734874,80.58750057220459,7.4,10.0,0.0,0.05,3
ANTI-0108,Grassland,23,43,21.20930236993834,81.86976783220157,7.837209302325581,10.0,0.023255813953488372,0.0,3
ANTI-0113,Grassland,17,48,23.741667151451125,64.96874833106996,7.3125,14.583333333333334,0.0,0.22916666666666666,3
ANTI-0114,Grassland,18,40,24.51000041961671,58.65499973297119,7.55,10.0,0.0,0.025,3
ANTI-0115,Grassland,21,56,21.70357135363991,67.23392745426723,5.928571428571429,10.0,0.0,0.16071428571428573,3
ANTI-0116,Grassland,18,42,24.74761926560173,64.11428506033761,7.904761904761905,10.0,0.0,0.23809523809523808,3
ANTI-0117,Grassland,16,33,18.218181494510542,80.53636423746745,6.515151515151516,10.0,0.0,0.0,3
ANTI-0118,Grassland,16,38,23.51315784454346,77.40262884842723,7.315789473684211,10.0,0.0,0.10526315789473684,3
ANTI-0119,Grassland,20,38,21.339473573785074,85.61052563315944,7.684210526315789,10.0,0.02631578947368421,0.02631578947368421,3
ANTI-0124,Grassland,21,71,26.976056703379463,53.71690100011691,7.732394366197183,10.0,0.0,0.16901408450704225,3
ANTI-0125,Grassland,17,42,23.926190240042565,53.17380986894881,6.833333333333333,10.0,0.0,0.16666666666666666,3
ANTI-0126,Grassland,18,41,25.448779966773024,66.74878097162014,8.634146341463415,10.0,0.0,0.07317073170731707,3
ANTI-0127,Grassland,20,45,21.13333343929716,72.98222164577908,7.377777777777778,10.0,0.0,0.13333333333333333,3
ANTI-0128,Grassland,17,39,20.64102500524274,79.85897298959586,6.769230769230769,10.0,0.0,0.02564102564102564,3
ANTI-0133,Grassland,17,33,30.96363605152473,46.47272849805429,8.848484848484848,10.0,0.0,0.12121212121212122,3
ANTI-0134,Grassland,19,50,30.06399986267089,52.42200119018555,9.06,10.0,0.0,0.42,3
ANTI-0135,Grassland,22,42,26.073809215000676,63.13095183599565,7.404761904761905,10.0,0.0,0.047619047619047616,3
ANTI-0136,Grassland,19,42,26.204762050083726,71.1999987647647,8.095238095238095,10.0,0.0,0.19047619047619047,3
ANTI-0137,Grassland,17,43,23.588372008745065,64.31395473036655,6.767441860465116,10.0,0.0,0.023255813953488372,3
ANTI-0138,Grassland,18,36,21.988888634575755,75.14444245232478,6.555555555555555,10.0,0.0,0.0,3
ANTI-0140,Grassland,17,49,21.351019878776665,68.30816416837729,6.612244897959184,10.0,0.0,0.12244897959183673,3
ANTI-0141,Grassland,17,36,21.62500037087335,66.5722229215834,6.555555555555555,10.0,0.0,0.1111111111111111,3
ANTI-0142,Grassland,14,24,23.633332570393833,54.84166653951008,7.083333333333333,10.0,0.0,0.0,2
ANTI-0143,Grassland,22,42,25.42857092902774,68.16190456208727,6.880952380952381,10.0,0.0,0.11904761904761904,3
ANTI-0147,Grassland,17,41,23.75365857380192,67.38048655812335,6.414634146341464,10.0,0.0,0.2682926829268293,3
ANTI-0148,Grassland,11,32,22.296875059604613,67.90312600135803,5.0,10.0,0.0,0.0,3
ANTI-0149,Grassland,16,30,22.390000089009597,64.49666646321614,5.666666666666667,10.0,0.0,0.1,3
ANTI-0150,Grassland,14,33,22.53636389067677,63.881818019982525,7.0,10.0,0.0,0.0,3
ANTI-0151,Grassland,13,25,23.18400009155274,73.96399993896485,7.44,10.0,0.08,0.0,3
ANTI-0153,Grassland,22,50,24.966000099182114,73.58399978637694,6.68,10.0,0.0,0.04,3
ANTI-0154,Grassland,17,46,24.276087097499676,75.06739027603813,6.630434782608695,10.0,0.0,0.10869565217391304,3
ANTI-0155,Grassland,15,46,24.743478111598794,72.54782701575239,7.456521739130435,10.0,0.0,0.08695652173913043,3
ANTI-0156,Grassland,20,46,21.98043466650919,68.53478083403213,6.6521739130434785,10.0,0.0,0.10869565217391304,3
ANTI-0160,Grassland,25,48,24.633333484331757,74.89166545867921,6.75,10.0,0.0,0.14583333333333334,3
ANTI-0161,Grassland,23,55,25.35999974337489,75.96909096457742,7.072727272727272,10.0,0.0,0.16363636363636364,3
ANTI-0162,Grassland,22,41,23.46829205024531,80.2658548122499,7.414634146341464,10.0,0.0,0.04878048780487805,3
ANTI-0163,Grassland,23,60,23.739999930063895,77.46500027974447,7.366666666666666,10.0,0.0,0.06666666666666667,3
ANTI-0169,Grassland,15,31,23.04516103190758,78.67742033927671,7.225806451612903,10.0,0.03225806451612903,0.0,3
ANTI-0170,Grassland,21,46,22.417391155077073,79.29565263831097,7.304347826086956,10.0,0.021739130434782608,0.021739130434782608,3
ANTI-0171,Grassland,20,31,22.638708914479853,79.93871184318294,7.193548387096774,10.0,0.03225806451612903,0.06451612903225806,3
ANTI-0174,Grassland,20,50,28.312000427246065,53.29199951171875,9.0,10.0,0.0,0.06,3
ANTI-0180,Grassland,13,28,29.214285373687773,45.57499899182998,9.285714285714286,10.0,0.0,0.25,3
ANTI-0181,Grassland,15,32,28.803125083446496,50.80000030994413,9.34375,10.0,0.0,0.0625,3
ANTI-0182,Grassland,18,46,29.20000014097793,50.86956546617589,8.978260869565217,10.0,0.0,0.0,3
ANTI-0183,Grassland,21,47,26.69361731346619,59.4553185320915,8.872340425531915,10.0,0.0,0.0851063829787234,3
ANTI-0184,Grassland,21,52,23.05769227101253,67.0942310186533,6.903846153846154,10.0,0.0,0.11538461538461539,3
ANTI-0188,Grassland,17,72,30.066667238871293,58.10833295186361,9.527777777777779,10.0,0.0,0.16666666666666666,3
ANTI-0189,Grassland,19,36,28.958333015441895,56.03333367241753,9.222222222222221,10.0,0.0,0.1111111111111111,3
ANTI-0190,Forest,19,26,24.76153769859896,59.92307780339168,8.0,10.0,0.0,0.038461538461538464,2
ANTI-0191,Grassland,17,36,24.769444783528666,68.54166793823242,7.805555555555555,10.0,0.0,0.027777777777777776,3
ANTI-0192,Grassland,19,43,24.23023321462233,65.95813839934593,7.674418604651163,10.0,0.0,0.046511627906976744,3
ANTI-0194,Forest,13,19,24.34736813996964,62.11052784166838,8.263157894736842,10.0,0.05263157894736842,0.0,2
ANTI-0199,Grassland,20,46,24.2413045219753,69.11521878449813,8.08695652173913,10.0,0.043478260869565216,0.021739130434782608,3
ANTI-0200,Forest,15,21,19.576190766834095,81.72381083170572,7.761904761904762,10.0,0.0,0.0,2
ANTI-0201,Forest,19,29,19.775862003194906,74.89655290800951,7.793103448275862,10.0,0.034482758620689655,0.0,2
ANTI-0206,Forest,17,28,21.050000190734853,79.0,8.5,10.0,0.07142857142857142,0.0,2
ANTI-0207,Forest,20,28,19.728571210588743,80.95714460100446,7.714285714285714,38.57142857142857,0.07142857142857142,0.0,2
CATO-0003,Forest,14,20,23.905000209808335,66.7,8.55,10.0,0.05,0.0,2
CATO-0004,Forest,11,18,24.000000211927613,70.23333231608075,8.444444444444445,10.0,0.05555555555555555,0.05555555555555555,2
CATO-0016,Forest,15,20,21.67999992370605,70.539998626709,7.0,10.0,0.05,0.0,2
CATO-0022,Forest,9,14,21.64999961853025,70.3500003814697,8.0,10.0,0.0,0.0,2
CATO-0035,Forest,16,21,19.97142809913269,71.24761962890625,6.0,10.0,0.09523809523809523,0.0,2
CATO-0037,Forest,16,21,18.666666666666668,73.33333079020183,6.0,10.0,0.047619047619047616,0.047619047619047616,2
CATO-0049,Forest,11,16,19.331249952316288,66.6937484741211,5.0,10.0,0.25,0.0,2
CATO-0062,Forest,16,26,19.400000205406762,66.2076908991887,5.0,10.0,0.11538461538461539,0.0,2
CATO-0084,Forest,16,27,18.5,72.24444495307074,6.0,10.0,0.037037037037037035,0.0,2
CATO-0086,Forest,14,23,18.32173911384914,73.69565449590267,6.0,10.0,0.17391304347826086,0.0,2
CATO-0092,Forest,14,21,19.257143020629872,74.12857382638113,6.0,10.0,0.09523809523809523,0.0,2
CATO-0094,Forest,13,27,19.540740825511826,70.35185128671152,6.592592592592593,10.0,0.14814814814814814,0.0,2
CATO-0098,Forest,13,20,19.434999752044696,74.85000152587891,7.0,10.0,0.0,0.0,2
CATO-0101,Forest,11,16,20.55000019073485,76.60000228881836,8.0,10.0,0.0,0.0,2
CATO-0104,Forest,10,16,18.043750047683712,73.98125219345093,7.0,10.0,0.1875,0.0,2
CATO-0150,Forest,10,17,20.5,84.75294090719784,7.0,10.0,0.058823529411764705,0.0,2
CATO-0153,Forest,11,14,19.399999891008616,74.84285736083984,7.0,10.0,0.0,0.0,2
CATO-0158,Forest,4,6,20.7000007629395,73.1999969482422,6.0,10.0,0.0,0.0,2
CATO-0160,Forest,8,13,21.930768819955652,72.27692237267128,6.230769230769231,10.0,0.07692307692307693,0.0,2
CATO-0176,Forest,14,19,22.221052772120416,76.45262908935548,6.631578947368421,10.0,0.05263157894736842,0.0,2
CATO-0206,Forest,10,18,18.849999533759195,84.07777531941733,6.0,10.0,0.1111111111111111,0.0,2
CATO-0211,Forest,9,14,19.77142933436807,77.81428527832031,5.0,10.0,0.0,0.0,2
CATO-0237,Forest,15,24,22.916666984558123,71.33333206176759,9.0,10.0,0.08333333333333333,0.0,2
CATO-0238,Forest,11,11,19.94545399058948,79.08181901411577,6.0,10.0,0.09090909090909091,0.0,2
CATO-0242,Forest,14,22,22.927273316816862,73.41817959872161,5.0,10.0,0.09090909090909091,0.0,2
CATO-0258,Forest,14,21,24.966666902814577,67.58571334112258,6.0,10.0,0.047619047619047616,0.0,2
CATO-0268,Forest,10,16,20.662500262260473,82.28750133514404,6.0,10.0,0.1875,0.0,2
CATO-0271,Forest,12,17,22.31764782176303,75.98235186408547,8.0,10.0,0.0,0.0,2
CATO-0275,Forest,12,22,23.777273264798257,73.68636512756345,7.0,10.0,0.09090909090909091,0.0,2
CATO-0280,Forest,6,13,24.346153992873006,79.71538485013522,8.461538461538462,10.0,0.23076923076923078,0.0,2
CATO-0294,Forest,11,19,22.68421102824964,73.6105274401213,8.0,10.0,0.0,0.0,2
CATO-0302,Forest,8,16,23.718749403953538,80.85000133514404,7.5625,10.0,0.1875,0.0,2
CATO-0303,Forest,7,11,21.272727099331952,85.04545593261717,8.0,10.0,0.18181818181818182,0.0,2
CATO-0311,Forest,16,22,20.345455169677756,87.01818223433061,7.0,10.0,0.045454545454545456,0.0,2
CATO-0313,Forest,10,13,20.415383852445114,90.26154151329625,7.3076923076923075,10.0,0.07692307692307693,0.0,2
CATO-0316,Forest,10,16,23.7937507629395,76.0937497615814,7.3125,10.3125,0.1875,0.0625,2
CATO-0323,Forest,7,10,19.2799995422363,89.51999969482422,7.4,10.0,0.2,0.0,2
CATO-0330,Forest,13,17,19.64117644814884,85.87058751723346,7.0,10.0,0.058823529411764705,0.0,2
CATO-0331,Forest,10,19,19.457894174676184,88.06315773411801,7.0,10.0,0.05263157894736842,0.0,2
CATO-0333,Forest,13,18,23.5999994277954,80.60000228881835,8.0,10.0,0.0,0.0,2
CATO-0342,Forest,14,22,21.900000225413915,68.14545579390091,7.590909090909091,10.0,0.0,0.045454545454545456,2
CATO-0346,Forest,12,19,21.210526516563004,62.83684298866674,6.0,10.0,0.05263157894736842,0.0,2
CATO-0347,Forest,14,24,20.9000005722046,64.39999961853025,6.0,10.0,0.041666666666666664,0.0,2
CATO-0359,Forest,12,21,19.533333278837624,67.34761882963635,7.380952380952381,10.0,0.19047619047619047,0.0,2
CATO-0365,Forest,4,5,19.43999938964842,77.77999877929689,7.6,10.0,0.4,0.0,2
CHOH-0002,Forest,22,34,18.48823524923886,84.29117696425494,6.0,10.0,0.0,0.08823529411764706,2
CHOH-0006,Forest,20,29,18.096551105893873,88.2344797068629,7.0,10.0,0.034482758620689655,0.0,2
CHOH-0008,Forest,20,26,18.023077304546625,89.60769447913536,6.576923076923077,10.0,0.0,0.07692307692307693,2
CHOH-0012,Forest,17,20,18.270000171661366,87.6150005340576,6.65,10.0,0.0,0.0,2
CHOH-0026,Forest,16,23,18.46956501836363,86.92173833432405,6.913043478260869,10.0,0.0,0.0,2
CHOH-0074,Forest,20,27,18.807407025937707,86.03703760217738,8.0,10.0,0.0,0.0,2
CHOH-0076,Forest,19,30,21.600000381469748,73.39999771118164,9.0,10.0,0.03333333333333333,0.0,2
CHOH-0081,Forest,15,19,18.831579107987288,83.11052543238591,8.052631578947368,10.0,0.05263157894736842,0.0,2
CHOH-0102,Forest,15,25,22.5800003051758,76.23999938964843,10.0,10.0,0.0,0.0,2
CHOH-0106,Forest,14,22,19.577273022044825,80.890906940807,7.2272727272727275,10.0,0.045454545454545456,0.0,2
CHOH-0196,Forest,15,26,18.6499996185303,83.45000076293945,6.5,10.0,0.0,0.0,2
CHOH-0198,Forest,14,23,18.130434782608695,83.58695685345194,6.217391304347826,10.0,0.0,0.0,2
CHOH-0239,Forest,11,25,17.21199966430662,65.72,6.0,10.0,0.0,0.0,2
CHOH-0253,Forest,15,27,17.066666497124576,75.48888821072049,7.555555555555555,10.555555555555555,0.037037037037037035,0.037037037037037035,2
CHOH-0256,Forest,13,22,19.52727231112392,85.83636266534978,7.7272727272727275,10.0,0.045454545454545456,0.0,2
CHOH-0262,Forest,22,33,18.881817615393427,80.915151422674,7.0,10.0,0.0,0.0,2
CHOH-0267,Forest,11,27,19.17037073771161,72.9999991522895,6.0,10.0,0.14814814814814814,0.0,2
CHOH-0281,Forest,14,21,17.828571592058445,74.81428636823382,9.142857142857142,10.0,0.09523809523809523,0.0,2
CHOH-0286,Forest,18,32,18.484374821186076,80.65624928474426,6.53125,10.0,0.03125,0.0,2
CHOH-0360,Forest,18,31,16.26774240309195,77.06774287069997,7.0,10.0,0.0,0.03225806451612903,2
CHOH-0380,Forest,22,33,19.872727307406336,80.14545440673828,8.0,10.0,0.030303030303030304,0.0,2
CHOH-0389,Forest,19,29,19.05172433524295,76.56896630648909,8.0,10.0,0.0,0.0,2
CHOH-0407,Forest,17,26,16.423076923076923,74.93077087402342,7.0,10.461538461538462,0.0,0.0,2
CHOH-0428,Forest,14,24,20.01666688919066,88.75000127156575,8.25,10.0,0.0,0.0,2
CHOH-0433,Forest,15,23,18.652174161828064,81.04347826086956,8.695652173913043,10.0,0.043478260869565216,0.0,2
CHOH-0443,Forest,9,11,18.9272721030495,86.16363386674362,7.181818181818182,10.0,0.0,0.09090909090909091,2
CHOH-0487,Forest,15,25,20.64799957275388,70.65600219726562,6.44,10.0,0.0,0.0,2
CHOH-0489,Forest,14,23,17.61739083994987,80.29565031632134,7.782608695652174,10.0,0.0,0.0,2
CHOH-0539,Forest,15,21,17.88571457635789,82.66666739327567,6.476190476190476,10.0,0.0,0.0,2
CHOH-0577,Forest,13,16,19.624999761581435,84.31249904632568,8.0,10.0,0.0625,0.0,2
CHOH-0586,Forest,18,31,16.97741920717302,87.30645407399822,7.612903225806452,10.0,0.03225806451612903,0.03225806451612903,2
CHOH-0609,Forest,14,22,18.5000004768372,85.79999923706055,7.5,10.0,0.045454545454545456,0.0,2
CHOH-0661,Forest,10,14,20.5,88.27143096923827,7.214285714285714,22.857142857142858,0.07142857142857142,0.0,2
CHOH-0666,Forest,19,24,19.799999713897723,85.39999771118165,6.0,10.0,0.0,0.0,2
CHOH-0677,Forest,16,27,18.8814809940479,87.12962736906829,8.481481481481481,10.0,0.0,0.0,2
CHOH-0679,Forest,16,24,18.99999976158144,83.87500095367432,7.375,10.0,0.0,0.08333333333333333,2
CHOH-0755,Forest,12,14,22.664286340986,90.17142650059291,8.928571428571429,10.0,0.0,0.0,2
CHOH-0795,Forest,22,31,20.319355195568495,78.59677419354838,5.645161290322581,10.0,0.0,0.03225806451612903,2
CHOH-0806,Forest,21,34,21.941176470588236,75.5529381247128,6.470588235294118,10.0,0.0,0.0,2
CHOH-0812,Forest,26,42,19.014286041259783,73.64285605294364,6.428571428571429,10.0,0.0,0.0,2
CHOH-0832,Forest,20,31,19.36451659664034,80.60967648413873,7.0,10.0,0.03225806451612903,0.0,2
CHOH-0847,Forest,18,30,20.4266670227051,80.67333170572917,7.466666666666667,10.0,0.06666666666666667,0.0,2
CHOH-0856,Forest,19,29,20.99310421121536,77.83448107489224,8.0,10.0,0.0,0.0,2
CHOH-0932,Forest,11,18,17.644445207383946,73.23333485921223,6.555555555555555,10.0,0.05555555555555555,0.0,2
CHOH-0941,Forest,16,24,18.258332729339582,75.94999758402507,7.583333333333333,10.0,0.041666666666666664,0.041666666666666664,2
CHOH-0942,Forest,16,23,18.243478277455207,74.41739123800527,8.0,10.0,0.0,0.0,2
CHOH-0961,Forest,16,21,17.7142854418073,72.22857230050224,7.857142857142857,10.0,0.0,0.0,2
CHOH-0983,Forest,16,27,19.200000551011836,77.57777913411458,6.0,10.0,0.0,0.037037037037037035,2
CHOH-0986,Forest,17,34,18.776470633114087,75.64117656034581,6.0,10.0,0.0,0.0,2
CHOH-0989,Forest,9,15,18.76666590372717,77.01999918619792,6.533333333333333,10.0,0.0,0.0,2
CHOH-1018,Forest,14,26,18.338461068960306,85.03846271221454,7.384615384615385,10.0,0.07692307692307693,0.0,2
CHOH-1028,Forest,15,21,17.676190330868685,78.66666739327567,7.238095238095238,10.0,0.0,0.0,2
CHOH-1036,Forest,14,23,17.565217225447956,77.77391151759936,6.869565217391305,10.0,0.0,0.043478260869565216,2
CHOH-1044,Forest,16,29,17.01379289298218,78.14827281031117,5.9655172413793105,10.0,0.034482758620689655,0.0,2
CHOH-1045,Forest,16,19,18.11052643625359,79.08421165064762,6.631578947368421,10.0,0.10526315789473684,0.0,2
CHOH-1055,Forest,14,20,17.769999790191665,83.864998626709,6.9,10.0,0.0,0.05,2
CHOH-1063,Forest,15,23,18.082608927851123,83.57826332423997,7.173913043478261,10.0,0.0,0.0,2
CHOH-1081,Forest,19,38,19.61578891151829,74.65789473684211,5.947368421052632,10.0,0.0,0.0,2
CHOH-1111,Forest,19,30,19.0799995422363,80.35999908447266,7.6,10.0,0.06666666666666667,0.0,2
CHOH-1124,Forest,13,22,18.55000019073485,81.15000152587889,7.5,10.0,0.13636363636363635,0.0,2
CHOH-1136,Forest,14,18,20.0499992370605,79.95000076293944,8.5,10.0,0.05555555555555555,0.0,2
CHOH-1143,Forest,18,27,20.16666687859428,80.42222001817491,8.555555555555555,10.0,0.07407407407407407,0.0,2
CHOH-1148,Forest,16,32,21.843750119209325,76.21249866485596,9.4375,10.0,0.0,0.0,2
CHOH-1183,Forest,14,20,22.649999618530252,72.3499984741211,7.5,10.0,0.0,0.0,2
CHOH-1186,Forest,18,28,22.7285717555455,78.11428397042411,7.0,10.0,0.0,0.0,2
CHOH-1191,Forest,14,24,22.69999980926515,73.29999923706055,8.0,10.0,0.0,0.0,2
CHOH-1196,Forest,9,23,22.70869586778722,74.80434716266134,8.0,10.0,0.0,0.0,2
CHOH-1197,Forest,13,25,22.596000213623082,75.60400085449218,6.0,10.0,0.0,0.0,2
CHOH-1201,Forest,11,22,22.28181804310191,75.01363580877131,6.0,10.0,0.0,0.0,2
CHOH-1211,Forest,13,16,23.13750064373019,73.18125104904175,9.0,10.0,0.0,0.0,2
CHOH-1217,Forest,16,28,20.757143020629872,77.68571472167969,6.0,10.0,0.0,0.0,2
CHOH-1223,Forest,12,20,20.270000171661366,78.95999946594239,6.0,10.0,0.0,0.0,2
CHOH-1226,Forest,16,25,20.732000045776363,78.71200134277343,7.0,10.0,0.0,0.0,2
CHOH-1235,Forest,15,27,20.7999992370605,80.73333401150174,7.0,10.0,0.0,0.0,2
CHOH-1241,Forest,11,22,20.845454649491735,80.08181832053445,7.0,10.0,0.0,0.0,2
CHOH-1256,Forest,15,20,21.279999732971174,83.64500007629394,8.0,10.0,0.0,0.05,2
CHOH-1319,Forest,18,27,23.003702940764203,81.81851761429398,8.592592592592593,10.0,0.0,0.07407407407407407,2
CHOH-1328,Forest,14,26,24.76153769859896,75.32307844895583,9.0,10.0,0.038461538461538464,0.0,2
CHOH-1336,Forest,15,33,23.603030464865935,78.26666883988814,6.0,10.0,0.0,0.21212121212121213,2
CHOH-1342,Forest,15,21,23.457142239525187,77.91428629557292,5.0,10.0,0.0,0.0,2
CHOH-1343,Forest,11,19,22.768420671161877,80.14210309480366,6.0,10.0,0.0,0.0,2
CHOH-1350,Forest,14,22,23.21818195689809,78.99545669555663,6.0,10.0,0.0,0.0,2
CHOH-1388,Forest,9,15,20.739999643961564,81.73333638509114,6.0,10.0,0.0,0.2,2
GWMP-0008,Forest,12,23,21.869565217391305,76.27826325789741,5.0,10.0,0.13043478260869565,0.0,2
GWMP-0019,Forest,7,11,21.90909125588159,82.00909077037464,6.0,10.545454545454545,0.09090909090909091,0.0,2
GWMP-0040,Forest,7,10,22.940000152587878,82.93999938964843,6.4,10.0,0.0,0.1,2
GWMP-0045,Forest,12,19,23.889473664133174,86.87894720780223,8.0,10.0,0.05263157894736842,0.0,2
GWMP-0054,Forest,12,20,22.28999996185306,82.84000167846679,7.3,10.0,0.1,0.0,2
GWMP-0055,Forest,13,15,24.800000762939497,85.99333190917969,8.466666666666667,10.0,0.0,0.0,2
GWMP-0057,Forest,13,21,24.299999872843433,83.56666564941406,8.666666666666666,10.0,0.047619047619047616,0.047619047619047616,2
GWMP-0058,Forest,13,19,23.984209763376292,84.52105271188836,8.0,10.0,0.0,0.0,2
GWMP-0059,Forest,19,28,23.571428571428573,81.07142775399345,7.0,10.0,0.0,0.03571428571428571,2
GWMP-0062,Forest,13,21,23.114286331903386,81.04761904761905,7.0,10.0,0.0,0.047619047619047616,2
GWMP-0072,Forest,12,21,24.44285656156993,78.55237869989305,6.0,10.0,0.0,0.0,2
GWMP-0080,Forest,11,15,24.38666661580403,78.04666442871094,5.533333333333333,10.0,0.0,0.0,2
GWMP-0086,Forest,13,23,23.313043594360387,83.6391306338103,7.565217391304348,10.0,0.043478260869565216,0.0,2
GWMP-0094,Forest,20,32,22.3999996185303,84.07499766349794,7.0,10.0,0.0,0.0,2
GWMP-0120,Forest,14,21,25.100000381469766,75.66666666666667,8.666666666666666,10.0,0.0,0.047619047619047616,2
GWMP-0129,Forest,9,17,22.67058810065774,82.02352815515854,8.588235294117647,10.0,0.0,0.0,2
GWMP-0139,Forest,10,17,22.282352784100667,83.01764634076287,7.529411764705882,10.0,0.0,0.0,2
GWMP-0145,Forest,8,11,23.3181816447865,82.83636197176848,8.545454545454545,10.0,0.0,0.0,2
GWMP-0173,Forest,9,18,21.977778540717278,84.05555386013457,6.0,10.0,0.0,0.0,2
GWMP-0200,Forest,8,12,24.75,77.0999984741211,7.5,10.0,0.0,0.25,2
GWMP-0207,Forest,9,18,23.844444592793774,77.12222035725912,6.0,10.0,0.0,0.05555555555555555,2
GWMP-0208,Forest,13,20,24.3999996185303,80.75,6.0,10.0,0.0,0.05,2
GWMP-0253,Forest,12,22,23.654546217484953,81.75454573197798,7.454545454545454,10.0,0.0,0.045454545454545456,2
GWMP-0254,Forest,9,19,23.93684266742908,84.77894752903988,8.0,10.0,0.0,0.0,2
GWMP-0256,Forest,7,17,25.099999820484847,81.4705873377183,8.0,10.0,0.0,0.058823529411764705,2
GWMP-0286,Forest,16,30,23.300000190734853,82.54999923706055,7.0,10.0,0.0,0.03333333333333333,2
GWMP-0307,Forest,18,29,23.341379099878786,77.31034430142107,6.0,10.0,0.0,0.06896551724137931,2
HAFE-0009,Forest,12,16,21.749999523162813,79.77499866485597,6.625,10.0,0.0625,0.0,2
HAFE-0021,Forest,15,21,22.2285714830671,82.27143096923827,7.571428571428571,10.0,0.14285714285714285,0.0,2
HAFE-0028,Forest,12,20,22.92000036239628,79.96999855041506,7.65,10.0,0.2,0.0,2
HAFE-0030,Forest,12,18,20.399999618530252,74.14999771118165,8.5,10.0,0.1111111111111111,0.0,2
HAFE-0039,Forest,10,17,22.811764773200537,81.0764721141142,8.588235294117647,10.0,0.0,0.0,2
HAFE-0042,Forest,17,30,24.2999996185303,84.49666417439781,7.266666666666667,10.0,0.0,0.03333333333333333,2
HAFE-0044,Forest,19,30,21.550000190734853,68.79999923706055,9.0,10.0,0.03333333333333333,0.13333333333333333,2
HAFE-0053,Forest,15,28,23.007143497467066,86.42857197352818,6.0,10.0,0.0,0.07142857142857142,2
HAFE-0061,Forest,12,22,23.636363983154332,82.10000055486506,8.636363636363637,10.0,0.045454545454545456,0.0,2
HAFE-0067,Grassland,24,59,25.200000213364437,73.6576284634865,6.254237288135593,10.0,0.0,0.15254237288135594,3
HAFE-0074,Forest,15,20,23.724999618530298,80.88499832153322,9.1,10.0,0.0,0.05,2
HAFE-0083,Forest,13,28,20.042857033865783,72.08571188790458,8.0,10.0,0.0,0.10714285714285714,2
HAFE-0118,Forest,11,17,21.482353322646173,67.6235302195829,6.411764705882353,10.0,0.17647058823529413,0.0,2
HAFE-0124,Grassland,14,21,23.10952304658431,78.73333158947173,7.142857142857143,10.0,0.0,0.09523809523809523,3
HAFE-0133,Forest,15,23,20.85652185522991,79.83912990404212,8.0,10.0,0.0,0.0,2
HAFE-0154,Forest,11,23,20.178260720294464,83.36087168817934,8.0,10.0,0.0,0.0,2
HAFE-0160,Forest,10,13,20.607692278348484,75.33846224271335,6.538461538461538,10.0,0.0,0.0,2
HAFE-0174,Forest,11,21,20.185714721679716,77.3285734994071,7.571428571428571,10.0,0.0,0.0,2
HAFE-0184,Grassland,18,37,23.959458995509802,82.41621646365604,6.621621621621622,10.0,0.0,0.10810810810810811,3
HAFE-0192,Forest,10,18,19.877777735392257,78.17778015136717,7.555555555555555,10.0,0.0,0.0,2
HAFE-0195,Forest,10,15,20.580000178019194,70.81999766031903,6.533333333333333,10.0,0.2,0.0,2
HAFE-0208,Forest,13,21,22.614286150251143,65.84285681588307,5.0,10.0,0.14285714285714285,0.0,2
HAFE-0218,Forest,12,21,21.828571047101725,69.22857284545896,6.0,10.0,0.19047619047619047,0.0,2
MANA-0002,Forest,10,15,28.840000406901066,78.29333241780598,8.933333333333334,10.0,0.0,0.0,2
MANA-0004,Grassland,15,32,28.803125560283664,72.86874890327454,9.15625,10.0,0.0,0.0,3
MANA-0008,Grassland,19,29,26.38620685708932,79.38620573898842,8.758620689655173,10.0,0.0,0.2413793103448276,3
MANA-0009,Grassland,13,40,27.17500028610231,75.28000030517578,8.975,10.0,0.0,0.125,3
MANA-0010,Grassland,14,29,26.724137799493207,75.98620552852236,8.310344827586206,10.0,0.0,0.06896551724137931,3
MANA-0011,Forest,11,18,30.288889567057293,66.1333329942491,9.0,10.555555555555555,0.0,0.0,2
MANA-0024,Grassland,23,58,25.50689638072045,77.64655185567922,7.4655172413793105,10.0,0.017241379310344827,0.3793103448275862,3
MANA-0025,Forest,12,17,27.07058850456685,74.23529411764706,8.0,10.294117647058824,0.0,0.0,2
MANA-0027,Forest,12,18,27.000000000000032,74.83333333333333,9.0,10.0,0.0,0.0,2
MANA-0030,Forest,16,25,27.839999618530296,78.7,7.52,10.0,0.0,0.0,2
MANA-0039,Forest,18,20,29.050000190734853,84.0999984741211,9.0,10.0,0.1,0.05,2
MANA-0047,Grassland,27,47,23.527659842308513,80.69148936170212,6.297872340425532,10.0,0.0,0.0851063829787234,3
MANA-0048,Grassland,26,55,23.48363633589311,82.22727411443537,7.0,10.163636363636364,0.0,0.10909090909090909,3
MANA-0054,Forest,11,14,29.021429061889677,81.57857295445034,9.285714285714286,10.0,0.07142857142857142,0.0,2
MANA-0055,Grassland,16,33,24.254544691605957,74.58485042687617,7.9393939393939394,10.0,0.030303030303030304,0.030303030303030304,3
MANA-0058,Grassland,18,62,24.883870709326978,70.51935405115927,7.258064516129032,10.0,0.016129032258064516,0.5161290322580645,3
MANA-0060,Forest,10,18,20.26666641235353,73.46666463216147,6.0,10.0,0.0,0.0,2
MANA-0064,Grassland,19,48,23.224999745686834,79.59375047683716,6.666666666666667,10.3125,0.0,0.0,3
MANA-0067,Forest,19,31,25.580645161290324,64.78064604728452,6.580645161290323,10.0,0.0,0.03225806451612903,2
MANA-0076,Grassland,20,116,24.087069511413603,73.16465785585599,6.758620689655173,10.0,0.008620689655172414,0.6724137931034483,3
MANA-0091,Forest,16,23,23.608695652173914,83.45217696480128,7.391304347826087,10.0,0.043478260869565216,0.0,2
MANA-0093,Grassland,17,45,23.044443681504944,73.37777828640408,7.333333333333333,10.0,0.0,0.1111111111111111,3
MANA-0094,Forest,15,21,25.228570847284224,70.22381010509673,7.761904761904762,10.0,0.0,0.047619047619047616,2
MANA-0097,Grassland,24,54,21.69999963265876,76.96666434959128,6.518518518518518,10.0,0.018518518518518517,0.14814814814814814,3
MANA-0101,Grassland,20,47,17.753191481245324,71.97021370745719,5.702127659574468,10.0,0.02127659574468085,0.19148936170212766,3
MANA-0106,Forest,13,18,29.77777693006728,57.16666751437717,8.222222222222221,10.444444444444445,0.1111111111111111,0.0,2
MANA-0111,Grassland,24,51,21.719607970293847,77.54705780627681,6.254901960784314,10.0,0.0196078431372549,0.2549019607843137,3
MANA-0113,Grassland,16,32,23.181250512599945,77.92812538146973,6.96875,10.0,0.03125,0.03125,3
MANA-0119,Forest,15,23,22.730435164078397,80.56086863642153,6.608695652173913,10.0,0.043478260869565216,0.043478260869565216,2
MANA-0120,Grassland,16,63,20.49206391591877,82.54603249686105,6.682539682539683,10.0,0.015873015873015872,0.5238095238095238,3
MANA-0131,Forest,15,24,23.800000190734902,77.45000076293944,6.5,10.0,0.041666666666666664,0.0,2
MANA-0134,Grassland,18,41,25.202438540574953,68.75853561773533,7.2682926829268295,10.0,0.024390243902439025,0.0,3
MANA-0137,Grassland,19,35,22.594285529000402,76.66857256208148,6.085714285714285,10.0,0.02857142857142857,0.0,3
MANA-0138,Grassland,20,50,21.620000381469705,81.83999847412109,6.06,10.0,0.02,0.34,3
MANA-0146,Grassland,16,32,27.412499368190762,62.90312361717225,7.40625,10.3125,0.0,0.09375,3
MANA-0154,Grassland,17,44,24.33409083973278,71.67499941045588,7.2272727272727275,10.0,0.022727272727272728,0.29545454545454547,3
MANA-0156,Grassland,13,19,23.231578927291068,72.78947448730469,5.526315789473684,10.0,0.0,0.15789473684210525,3
MANA-0163,Forest,10,14,26.785714558192677,77.43571635654995,9.0,10.0,0.0,0.07142857142857142,2
MANA-0165,Grassland,22,39,25.733332902957216,70.6051275791266,7.717948717948718,10.333333333333334,0.0,0.1282051282051282,3
MANA-0170,Forest,10,15,23.9733337402344,72.03999837239583,8.466666666666667,10.0,0.0,0.0,2
MANA-0171,Grassland,15,31,23.68387080777077,72.91612883537046,6.580645161290323,10.0,0.06451612903225806,0.12903225806451613,3
MANA-0173,Grassland,18,32,24.674999594688412,74.26874923706055,7.1875,10.0,0.0,0.09375,3
MANA-0178,Grassland,19,27,23.844444274902358,72.54444489655671,6.296296296296297,10.0,0.0,0.1111111111111111,3
MANA-0196,Grassland,19,31,27.17419372066376,67.40645021007906,7.483870967741935,10.0,0.0,0.12903225806451613,3
MANA-0197,Grassland,18,29,24.286207330637968,75.96206822888604,7.068965517241379,10.0,0.034482758620689655,0.10344827586206896,3
MANA-0202,Forest,11,17,22.50000044878794,83.91176291073072,7.823529411764706,10.0,0.0,0.0,2
MANA-0205,Forest,9,14,22.64999961853025,73.25,6.0,10.0,0.0,0.0,2
MANA-0213,Grassland,19,33,23.77878807530261,81.73939537279534,7.606060606060606,10.333333333333334,0.030303030303030304,0.24242424242424243,3
MANA-0214,Grassland,13,43,23.241860500601838,79.20232604270758,8.046511627906977,10.0,0.0,0.06976744186046512,3
MANA-0215,Grassland,14,47,23.978723241927767,79.65531970084982,8.638297872340425,10.425531914893616,0.0,0.3191489361702128,3
MANA-0218,Forest,8,15,21.73999977111818,81.58000030517579,8.0,10.0,0.13333333333333333,0.0,2
MANA-0223,Forest,9,12,21.3999996185303,70.9000015258789,5.0,10.0,0.0,0.0,2
MANA-0229,Forest,15,18,21.022221883138002,81.22222137451172,6.555555555555555,10.0,0.0,0.0,2
MANA-0230,Grassland,20,40,23.674999380111675,77.45250091552734,7.7,10.0,0.0,0.025,3
MANA-0232,Grassland,17,30,23.55333379109703,78.6166655222575,8.166666666666666,10.0,0.0,0.23333333333333334,3
MANA-0234,Grassland,16,44,23.395454970273114,83.5136370225386,7.659090909090909,10.272727272727273,0.0,0.3409090909090909,3
MANA-0235,Grassland,14,50,24.953999595642085,81.34000167846679,8.24,10.28,0.0,0.16,3
MANA-0236,Grassland,15,42,24.623809996105404,75.05238087972005,8.476190476190476,10.380952380952381,0.0,0.14285714285714285,3
MANA-0240,Forest,22,32,20.5,86.14999771118164,6.5,10.0,0.0,0.0,2
MANA-0241,Grassland,22,35,22.205714634486625,77.39714420863561,6.857142857142857,10.0,0.02857142857142857,0.14285714285714285,3
MANA-0243,Forest,11,21,20.942857742309588,77.08571188790458,6.0,10.0,0.0,0.0,2
MANA-0246,Grassland,13,34,27.005882263183565,67.65294220868279,8.5,10.0,0.0,0.14705882352941177,3
MANA-0253,Forest,16,22,24.0499992370605,78.5500030517578,8.0,10.0,0.045454545454545456,0.0,2
MANA-0255,Grassland,18,43,22.097674170205774,75.73953389012536,6.6976744186046515,10.348837209302326,0.0,0.16279069767441862,3
MANA-0256,Grassland,10,42,21.949999673025946,78.02857244582404,7.880952380952381,10.404761904761905,0.0,0.047619047619047616,3
MANA-0267,Grassland,15,28,23.496428353445886,75.12500054495675,7.214285714285714,10.0,0.03571428571428571,0.0,3
MANA-0278,Grassland,13,28,24.792856829507,71.43928323473249,8.25,10.0,0.0,0.10714285714285714,3
MANA-0279,Grassland,14,21,24.171428589593795,72.68095325288317,8.19047619047619,10.0,0.0,0.09523809523809523,3
MONO-0002,Grassland,14,40,22.292499494552615,59.37500152587891,7.85,10.0,0.0,0.15,3
MONO-0003,Grassland,18,48,22.658333698908503,63.23750066757203,8.875,10.0,0.0,0.4375,3
MONO-0006,Grassland,9,16,22.781250119209275,63.93125033378599,8.3125,10.0,0.0,0.3125,3
MONO-0007,Grassland,7,32,21.30000001192096,63.237499713897705,8.5,10.0,0.0,0.21875,3
MONO-0008,Grassland,12,26,21.669231414794947,65.28461514986476,8.0,10.0,0.0,0.38461538461538464,3
MONO-0009,Grassland,17,28,22.903571265084395,59.69285665239607,8.714285714285714,10.214285714285714,0.0,0.10714285714285714,3
MONO-0010,Grassland,21,44,20.829545757987276,73.25227087194267,7.7727272727272725,10.0,0.0,0.29545454545454547,3
MONO-0014,Grassland,11,18,23.366667005750845,57.15555636088051,9.38888888888889,10.0,0.0,0.3888888888888889,3
MONO-0015,Grassland,11,26,20.269231062668993,64.2615385789138,8.384615384615385,10.0,0.0,0.6538461538461539,3
MONO-0016,Grassland,10,27,18.188889220908827,75.8888897365994,6.7407407407407405,10.0,0.0,0.2962962962962963,3
MONO-0017,Grassland,11,17,18.67058888603662,74.22353004006779,6.705882352941177,10.0,0.0,0.17647058823529413,3
MONO-0018,Grassland,17,34,21.655882723191215,59.935293085434864,7.470588235294118,10.0,0.0,0.11764705882352941,3
MONO-0019,Grassland,23,53,20.03396253765755,71.36792654361366,6.509433962264151,10.0,0.0,0.2830188679245283,3
MONO-0022,Grassland,14,28,22.214285441807334,63.81785706111365,6.642857142857143,10.0,0.0,0.03571428571428571,3
MONO-0023,Grassland,12,34,17.841176201315488,76.74117368810319,7.0,10.0,0.0,0.5588235294117647,3
MONO-0024,Grassland,19,30,18.266666158040366,76.75333506266276,6.666666666666667,10.0,0.0,0.13333333333333333,3
MONO-0025,Grassland,14,38,19.868420851858026,66.18421132940995,7.052631578947368,10.0,0.0,0.18421052631578946,3
MONO-0026,Forest,16,30,21.313333956400573,65.78333485921225,6.9,10.0,0.0,0.03333333333333333,2
MONO-0027,Grassland,24,42,21.54761932009746,70.98095267159599,7.619047619047619,10.0,0.0,0.0,3
MONO-0032,Grassland,13,24,20.316666682561266,64.80416679382324,6.541666666666667,10.0,0.0,0.125,3
MONO-0033,Grassland,23,34,21.12941141689522,62.52646906235639,7.352941176470588,10.205882352941176,0.029411764705882353,0.20588235294117646,3
MONO-0035,Grassland,17,35,24.285714340209942,68.04857155936106,7.0285714285714285,10.0,0.0,0.08571428571428572,3
MONO-0036,Grassland,15,30,19.4200004577637,66.52000122070312,5.4,10.0,0.03333333333333333,0.16666666666666666,3
MONO-0037,Grassland,23,57,22.880702135855696,65.27719337061833,6.192982456140351,10.0,0.0,0.14035087719298245,3
MONO-0038,Forest,15,24,21.93333307902017,66.16666412353517,7.0,10.0,0.041666666666666664,0.041666666666666664,2
MONO-0039,Forest,13,20,19.88000011444091,69.22000007629394,7.35,10.0,0.0,0.0,2
MONO-0044,Forest,13,19,23.468421333714552,62.8999995181435,10.0,10.0,0.0,0.0,2
MONO-0045,Grassland,21,73,24.98356179015278,72.02876511665241,8.315068493150685,10.246575342465754,0.0,0.136986301369863,3
MONO-0046,Grassland,19,49,20.877551409663,71.66734656509088,7.714285714285714,10.36734693877551,0.0,0.46938775510204084,3
MONO-0047,Grassland,24,55,20.461817966807974,69.89818177656696,6.3090909090909095,10.0,0.0,0.14545454545454545,3
MONO-0048,Grassland,21,50,20.737999935150132,69.96399978637696,6.6,10.0,0.0,0.18,3
MONO-0049,Grassland,24,50,22.33799976348878,56.69600013732912,7.28,10.0,0.0,0.04,3
MONO-0050,Grassland,23,77,21.36883084185712,70.28701326444552,6.545454545454546,10.0,0.012987012987012988,0.4805194805194805,3
MONO-0051,Grassland,13,32,19.73125004768374,69.19375109672546,6.5625,10.0,0.0,0.03125,3
MONO-0052,Forest,16,24,19.945833683013937,68.27916431427003,7.375,10.0,0.041666666666666664,0.0,2
MONO-0053,Grassland,13,33,24.05757586161295,65.03030303030303,8.424242424242424,10.303030303030303,0.0,0.42424242424242425,3
MONO-0054,Grassland,18,204,25.153921893998668,73.54215958539176,7.176470588235294,10.107843137254902,0.0,0.7647058823529411,3
MONO-0055,Grassland,24,52,20.542307780339165,70.35769066443811,7.038461538461538,10.346153846153847,0.0,0.38461538461538464,3
MONO-0056,Forest,17,26,18.569230446448675,65.05384856003981,6.423076923076923,10.0,0.038461538461538464,0.0,2
MONO-0057,Grassland,27,54,21.024074059945566,65.22222010294595,7.12962962962963,10.0,0.018518518518518517,0.05555555555555555,3
MONO-0058,Grassland,20,41,22.224389983386544,76.22195174054401,6.682926829268292,10.0,0.0,0.024390243902439025,3
MONO-0059,Grassland,18,34,23.182353188009806,69.89999995512123,7.352941176470588,10.0,0.0,0.029411764705882353,3
MONO-0060,Grassland,21,39,26.200000224969312,59.75897471110024,8.64102564102564,10.0,0.0,0.07692307692307693,3
MONO-0061,Forest,18,33,20.09090943769977,78.54545385187322,6.818181818181818,10.0,0.06060606060606061,0.030303030303030304,2
MONO-0062,Grassland,13,19,23.63157914814195,61.32631643194901,8.578947368421053,10.263157894736842,0.0,0.21052631578947367,3
MONO-0063,Grassland,16,36,25.419444666968435,62.63611200120714,8.222222222222221,10.194444444444445,0.0,0.4166666666666667,3
MONO-0065,Grassland,17,52,20.332692256340593,70.88846030602089,5.653846153846154,10.326923076923077,0.0,0.17307692307692307,3
MONO-0066,Grassland,26,51,22.06470545600442,46.26470470428469,7.0588235294117645,10.0,0.0,0.0,3
MONO-0067,Grassland,22,48,24.599999626477555,65.14583293596901,7.895833333333333,10.0,0.0,0.0625,3
MONO-0068,Grassland,21,49,26.234693994327458,62.81836793860611,8.306122448979592,10.0,0.0,0.24489795918367346,3
MONO-0069,Forest,19,32,19.131250113248793,69.21250081062317,7.40625,10.0,0.09375,0.0,2
MONO-0070,Grassland,21,37,20.081081029531084,74.55675774651604,9.405405405405405,10.0,0.0,0.08108108108108109,3
MONO-0071,Grassland,11,19,21.847367738422566,72.24736906352796,9.210526315789474,10.0,0.0,0.10526315789473684,3
MONO-0072,Grassland,16,44,23.590909177606736,63.42727262323556,8.590909090909092,10.227272727272727,0.022727272727272728,0.25,3
MONO-0073,Grassland,14,44,20.58409057963976,67.37727269259366,5.681818181818182,10.340909090909092,0.0,0.2727272727272727,3
MONO-0074,Forest,20,35,22.357143620082354,62.7942834036691,8.457142857142857,10.0,0.0,0.0,2
MONO-0075,Grassland,20,50,21.34800010681153,58.36600004196167,6.8,10.0,0.0,0.1,3
MONO-0076,Grassland,26,44,21.190909732471837,41.06363539262252,7.863636363636363,10.0,0.045454545454545456,0.022727272727272728,3
MONO-0077,Forest,17,27,15.348148169340877,76.68518631546586,7.2592592592592595,10.0,0.037037037037037035,0.0,2
MONO-0078,Grassland,17,44,20.279545263810554,64.05454444885254,7.636363636363637,10.0,0.0,0.20454545454545456,3
MONO-0079,Grassland,21,41,22.57317068518665,67.9463402352682,8.731707317073171,10.0,0.0,0.12195121951219512,3
MONO-0080,Grassland,15,28,22.314285823277043,67.2428572518485,7.428571428571429,10.285714285714286,0.0,0.21428571428571427,3
MONO-0083,Grassland,20,68,22.214706378824594,71.74705954159008,7.764705882352941,10.0,0.0,0.27941176470588236,3
MONO-0084,Forest,14,22,16.8000000173395,37.46363691850142,7.0,10.0,0.09090909090909091,0.0,2
MONO-0085,Grassland,26,44,23.190909212285835,46.51818154074927,10.0,10.454545454545455,0.0,0.13636363636363635,3
MONO-0086,Grassland,12,46,27.1804340196692,42.95000059708309,9.782608695652174,10.0,0.0,0.08695652173913043,3
MONO-0087,Grassland,17,53,20.030189298233935,82.65283001593824,8.245283018867925,10.0,0.0,0.03773584905660377,3
MONO-0089,Grassland,19,60,22.526666831970225,60.23999875386557,6.95,10.483333333333333,0.0,0.25,3
MONO-0091,Forest,17,26,15.823076798365642,78.66154098510741,7.346153846153846,10.0,0.0,0.0,2
MONO-0092,Grassland,24,46,25.91086997156559,52.70652273426888,8.565217391304348,10.0,0.0,0.1956521739130435,3
MONO-0094,Grassland,18,118,17.336440781415543,75.07881290629759,7.3559322033898304,10.0,0.0,0.05084745762711865,3
MONO-0095,Grassland,12,20,16.159999847412102,79.72000274658203,6.6,10.0,0.0,0.25,3
MONO-0096,Grassland,16,32,22.150000095367425,64.05000114440918,7.25,10.5,0.0,0.09375,3
MONO-0097,Grassland,20,38,22.25526292700518,64.12105289258454,7.105263157894737,10.0,0.0,0.13157894736842105,3
MONO-0098,Grassland,20,35,19.119999531337204,73.41714521135602,7.0,10.0,0.0,0.05714285714285714,3
MONO-0099,Grassland,18,46,22.395651858785847,71.79130554199217,7.782608695652174,10.0,0.021739130434782608,0.0,3
MONO-0100,Grassland,12,26,26.200000322782095,59.71153934185322,8.153846153846153,10.0,0.0,0.19230769230769232,3
MONO-0101,Forest,8,15,14.24000015258788,80.8000030517578,6.8,10.0,0.0,0.06666666666666667,2
MONO-0102,Grassland,18,88,17.170454480431268,74.85681906613436,6.295454545454546,10.0,0.0,0.2159090909090909,3
MONO-0103,Grassland,18,47,20.755318986608618,68.42340169054397,6.638297872340425,10.0,0.0,0.3404255319148936,3
MONO-0104,Grassland,15,38,17.689473804674645,74.27368164062501,6.368421052631579,10.0,0.0,0.02631578947368421,3
MONO-0105,Forest,8,10,13.67999973297118,79.73999938964843,6.8,10.0,0.0,0.0,2
MONO-0106,Forest,16,27,18.185185185185187,66.15185264304831,6.444444444444445,10.0,0.07407407407407407,0.0,2
NACE-0080,Forest,17,24,20.96250017484028,72.1291659673055,5.541666666666667,10.0,0.0,0.041666666666666664,2
NACE-0081,Forest,9,15,21.740000152587925,68.09999694824221,5.0,10.0,0.0,0.0,2
NACE-0086,Forest,11,20,20.4999996185303,76.46000061035156,7.2,10.0,0.0,0.0,2
NACE-0087,Forest,10,16,20.05625009536744,78.64374780654907,6.0,10.0,0.0,0.0,2
NACE-0094,Forest,14,25,21.772000045776362,77.74,8.44,10.0,0.0,0.0,2
NACE-0107,Forest,18,27,19.840741192853034,79.5444432011357,6.407407407407407,10.0,0.07407407407407407,0.0,2
NACE-0131,Forest,14,22,21.754544691605954,79.28181665593928,7.545454545454546,10.0,0.045454545454545456,0.0,2
NACE-0233,Forest,11,17,21.452941557940292,69.98235051772176,6.0,10.0,0.0,0.11764705882352941,2
NACE-0245,Forest,17,26,21.169230827918454,71.84615501990685,6.0,10.0,0.0,0.0,2
NACE-0253,Forest,19,28,21.8000001907349,72.89999771118165,6.5,10.0,0.0,0.0,2
NACE-0267,Forest,11,19,24.357894596300635,69.27368324681332,7.0,10.0,0.0,0.0,2
NACE-0269,Forest,18,28,22.378571169716988,65.48571586608885,7.678571428571429,10.0,0.0,0.0,2
NACE-0282,Forest,16,26,23.83846106896031,61.19230710543119,8.0,10.0,0.038461538461538464,0.0,2
NACE-0296,Forest,13,22,24.600000034679066,66.77272657914595,8.545454545454545,10.0,0.0,0.045454545454545456,2
NACE-0346,Forest,15,22,23.14999961853025,63.75,6.0,10.5,0.0,0.0,2
NACE-0350,Forest,10,15,24.64000015258788,63.27999877929688,7.0,10.0,0.0,0.06666666666666667,2
NACE-0398,Forest,11,19,22.652631257709686,70.81052760074013,6.0,11.157894736842104,0.0,0.05263157894736842,2
NACE-0399,Forest,14,27,20.25925925925926,76.65925767686632,6.0,10.481481481481481,0.0,0.0,2
NACE-0416,Forest,14,29,23.7241381283464,73.08620768579944,7.0,10.482758620689655,0.0,0.06896551724137931,2
NACE-0438,Forest,13,19,21.66842119317305,71.44736801950555,8.0,10.0,0.0,0.0,2
NACE-0453,Forest,20,29,25.082759002159356,61.06206933383284,8.586206896551724,10.0,0.034482758620689655,0.0,2
NACE-0477,Forest,23,39,23.369231150700468,82.37179487179488,8.0,10.0,0.0,0.05128205128205128,2
NACE-0487,Forest,12,20,20.23999996185306,79.17999801635742,6.7,10.0,0.0,0.0,2
NACE-0491,Forest,21,35,21.7714285169329,66.7714276994978,5.571428571428571,10.0,0.0,0.0,2
NACE-0519,Forest,15,22,22.636363636363637,65.0227262323553,6.0,10.0,0.0,0.0,2
NACE-0619,Forest,12,24,20.225000143051137,77.73750019073485,6.0,10.0,0.16666666666666666,0.0,2
NACE-0621,Forest,13,25,21.1,71.71999816894532,6.4,10.0,0.04,0.0,2
NACE-0623,Forest,16,21,19.738095238095237,78.03333464122953,7.0,10.0,0.09523809523809523,0.0,2
NACE-0649,Forest,15,23,23.25217404572859,66.60434789242952,5.3478260869565215,10.0,0.043478260869565216,0.043478260869565216,2
PRWI-0012,Forest,13,18,22.67222213745118,85.27777650621204,7.611111111111111,10.0,0.05555555555555555,0.0,2
PRWI-0014,Forest,13,19,23.157894335295,75.61579091925368,5.473684210526316,10.0,0.10526315789473684,0.0,2
PRWI-0020,Forest,12,19,22.29999983938118,82.44210614656147,7.578947368421052,10.0,0.10526315789473684,0.0,2
PRWI-0025,Forest,14,21,22.357142584664444,77.82857186453683,6.0,10.0,0.09523809523809523,0.0,2
PRWI-0028,Forest,13,19,23.047367899041426,82.20000056216591,8.0,10.0,0.0,0.0,2
PRWI-0039,Forest,11,18,21.000000000000032,77.76666768391927,8.333333333333334,10.0,0.05555555555555555,0.0,2
PRWI-0041,Forest,12,18,22.73333295186363,83.53333282470703,6.666666666666667,10.0,0.05555555555555555,0.0,2
PRWI-0051,Forest,10,18,22.28333324856229,75.24444749620224,7.166666666666667,10.0,0.1111111111111111,0.0,2
PRWI-0053,Forest,11,15,23.720000076293978,77.6,7.4,10.0,0.0,0.0,2
PRWI-0055,Forest,6,11,22.34545395591041,77.53636516224255,7.545454545454546,10.0,0.0,0.0,2
PRWI-0060,Forest,10,16,22.312499403953538,81.4625015258789,6.5625,10.0,0.0625,0.0,2
PRWI-0062,Forest,11,15,24.1000003814697,77.83333587646483,7.0,10.0,0.06666666666666667,0.0,2
PRWI-0064,Forest,11,24,23.25,79.1999969482422,7.0,10.0,0.0,0.0,2
PRWI-0069,Forest,13,19,23.36315777427271,78.626315468236,6.421052631578948,10.0,0.05263157894736842,0.0,2
PRWI-0075,Forest,12,22,21.11818174882368,79.23636349764737,7.0,10.0,0.18181818181818182,0.0,2
PRWI-0079,Forest,13,21,21.18095234462193,80.38571203322638,5.0,10.0,0.14285714285714285,0.0,2
PRWI-0080,Forest,10,20,23.44000024795536,81.0799991607666,5.45,10.0,0.2,0.0,2
PRWI-0082,Forest,10,14,23.635714530944806,79.12143107822962,6.357142857142857,10.0,0.0,0.0,2
PRWI-0085,Forest,11,19,24.63157914814195,71.93684326974972,8.473684210526315,10.0,0.15789473684210525,0.0,2
PRWI-0090,Forest,7,11,21.963636745106065,80.08181762695314,7.454545454545454,10.0,0.0,0.0,2
PRWI-0093,Forest,7,13,23.392308015089807,77.67692331167368,7.0,10.0,0.0,0.0,2
PRWI-0096,Forest,11,19,23.173684170371605,73.54736769826789,6.0,10.0,0.05263157894736842,0.0,2
PRWI-0097,Forest,9,16,23.512500524520874,77.56249904632568,6.0,10.375,0.0,0.0,2
PRWI-0120,Forest,9,11,25.563636953180502,72.60908889770506,8.545454545454545,10.0,0.0,0.0,2
PRWI-0124,Forest,14,20,22.69500007629395,82.4749969482422,8.0,10.0,0.05,0.0,2
PRWI-0125,Forest,10,14,22.642857142857142,84.07142966134208,7.428571428571429,10.0,0.0,0.0,2
PRWI-0129,Forest,13,23,21.795652057813527,77.47391476838484,7.0,10.0,0.17391304347826086,0.0,2
PRWI-0132,Forest,16,31,22.867742230815292,81.95483939878402,8.0,10.0,0.03225806451612903,0.0,2
PRWI-0143,Forest,10,17,24.48823480045091,75.0470563103171,7.0,10.0,0.058823529411764705,0.0,2
PRWI-0144,Forest,14,16,24.0,71.1499996185303,7.0,10.0,0.0625,0.0,2
PRWI-0145,Forest,12,18,24.25,71.45000076293945,7.0,10.0,0.0,0.0,2
PRWI-0173,Forest,14,22,22.32727293534711,76.94545607133345,8.636363636363637,10.0,0.09090909090909091,0.0,2
PRWI-0175,Forest,13,23,21.943477879399865,79.269567074983,7.608695652173913,10.0,0.08695652173913043,0.0,2
PRWI-0181,Forest,12,16,21.19999980926515,79.6500015258789,6.5,10.0,0.125,0.0,2
PRWI-0186,Forest,17,27,23.866666440610548,75.4740719265408,7.37037037037037,10.0,0.0,0.0,2
PRWI-0189,Forest,12,23,24.169565366662056,72.17391337519106,6.0,10.0,0.0,0.0,2
PRWI-0196,Forest,8,13,20.123076512263346,79.56153928316556,6.461538461538462,10.0,0.23076923076923078,0.0,2
PRWI-0199,Forest,12,19,21.947368320665866,81.04210622687089,8.263157894736842,10.0,0.0,0.0,2
PRWI-0206,Forest,17,30,21.66333300272622,82.196666208903,6.0,10.0,0.13333333333333333,0.0,2
PRWI-0220,Forest,12,20,21.285000133514437,71.2999984741211,5.0,10.0,0.05,0.0,2
PRWI-0223,Forest,17,20,20.86000003814697,79.21499862670899,6.0,10.0,0.1,0.0,2
PRWI-0227,Forest,13,22,22.481818112460044,79.06363608620383,8.454545454545455,10.0,0.045454545454545456,0.0,2
PRWI-0233,Forest,16,25,21.4199992370605,77.30399841308595,5.52,10.0,0.12,0.0,2
PRWI-0238,Forest,11,14,23.885714394705644,85.92856924874442,7.0,10.0,0.14285714285714285,0.0,2
PRWI-0253,Forest,12,19,22.86315767388596,82.710523906507,8.421052631578947,10.0,0.0,0.0,2
PRWI-0268,Forest,14,24,23.41666611035664,85.28333568572997,7.0,10.0,0.08333333333333333,0.0,2
PRWI-0273,Forest,20,24,21.87083387374881,72.94583225250244,7.166666666666667,10.0,0.041666666666666664,0.0,2
PRWI-0276,Forest,11,20,23.2999996185303,76.81999969482422,6.6,10.0,0.0,0.0,2
PRWI-0277,Forest,12,22,23.600000381469748,74.5,8.0,10.0,0.0,0.0,2
PRWI-0282,Forest,10,16,19.58750033378605,82.51249885559082,6.625,10.0,0.0,0.0,2
PRWI-0287,Forest,15,25,22.176000595092788,79.52400085449219,8.44,10.0,0.0,0.0,2
PRWI-0289,Forest,15,24,21.987500031789143,79.95416514078777,8.541666666666666,10.0,0.08333333333333333,0.0,2
PRWI-0298,Forest,18,29,23.517241379310345,81.59310360612541,6.448275862068965,10.0,0.10344827586206896,0.0,2
PRWI-0313,Forest,7,12,21.49999968210854,80.65833155314128,6.416666666666667,10.0,0.0,0.0,2
PRWI-0321,Forest,12,15,25.519999821980807,75.83333485921224,9.0,10.0,0.0,0.0,2
PRWI-0325,Forest,13,16,24.587499380111673,83.08749866485597,7.25,10.0,0.0625,0.0,2
PRWI-0333,Forest,13,20,19.75000047683715,88.45000267028807,8.25,10.0,0.15,0.0,2
PRWI-0334,Forest,13,17,22.435294207404674,87.6176461612477,8.411764705882353,10.0,0.058823529411764705,0.0,2
PRWI-0338,Forest,12,13,21.58461600083573,85.23845966045673,7.0,10.0,0.07692307692307693,0.0,2
PRWI-0349,Forest,11,15,26.766666285196965,77.57999928792317,8.533333333333333,10.0,0.0,0.0,2
PRWI-0353,Forest,13,17,24.011764862958156,81.1705883250517,7.117647058823529,10.0,0.058823529411764705,0.058823529411764705,2
PRWI-0355,Forest,9,13,26.09230745755711,81.78461514986478,7.846153846153846,10.0,0.0,0.0,2
PRWI-0359,Forest,18,30,23.15000009536745,86.60000228881836,8.5,10.0,0.0,0.0,2
PRWI-0360,Forest,16,22,20.227272987365737,79.67272879860617,7.7272727272727275,10.0,0.045454545454545456,0.0,2
PRWI-0366,Forest,20,30,21.99000059763592,90.36333312988282,7.433333333333334,10.0,0.03333333333333333,0.0,2
PRWI-0369,Forest,15,20,22.0199996948242,81.37999877929687,6.4,10.0,0.05,0.0,2
PRWI-0377,Forest,13,19,22.589473824751973,72.64210711027447,7.2105263157894735,10.0,0.05263157894736842,0.0,2
PRWI-0378,Forest,16,18,24.099999745686834,79.26666768391927,8.0,10.0,0.0,0.0,2
PRWI-0379,Forest,11,14,25.685714040483763,71.29285866873605,8.0,10.0,0.07142857142857142,0.0,2
PRWI-0381,Forest,10,13,26.523076864389267,84.07692366379958,9.538461538461538,10.0,0.0,0.0,2
PRWI-0392,Forest,9,14,24.7285710743495,84.57142748151507,8.0,10.0,0.0,0.0,2
PRWI-0395,Forest,10,13,23.353846916785656,85.65384615384616,8.538461538461538,10.0,0.07692307692307693,0.0,2
PRWI-0398,Forest,12,15,22.559999847412122,82.24000091552735,7.4,10.0,0.06666666666666667,0.0,2
PRWI-0399,Forest,11,17,24.0117645263672,80.55882263183595,8.0,10.0,0.0,0.0,2
PRWI-0401,Forest,13,21,20.0000006357829,81.10000101725261,6.0,10.0,0.14285714285714285,0.0,2
PRWI-0409,Forest,12,15,25.066666920979834,73.76666514078778,7.666666666666667,10.0,0.0,0.0,2
PRWI-0417,Forest,10,11,27.072726856578456,80.96363483775745,7.909090909090909,10.0,0.09090909090909091,0.0,2
PRWI-0431,Forest,15,20,23.005000209808337,82.3250015258789,8.45,10.0,0.05,0.0,2
PRWI-0436,Forest,13,19,21.26842127348251,77.13157814427426,6.0,10.0,0.0,0.0,2
PRWI-0441,Forest,15,26,24.100000381469748,77.10000228881835,7.0,10.0,0.0,0.0,2
PRWI-0446,Forest,6,11,23.88181842457168,87.1454551003196,7.636363636363637,10.0,0.0,0.0,2
PRWI-0447,Forest,13,19,24.252632341886866,88.61052503083882,7.7368421052631575,10.0,0.05263157894736842,0.0,2
PRWI-0463,Forest,12,17,24.376471126780793,87.57058940214267,8.411764705882353,10.0,0.17647058823529413,0.0,2
PRWI-0466,Forest,10,12,20.47500054041545,74.64166577657063,5.0,10.0,0.08333333333333333,0.0,2
PRWI-0475,Forest,15,21,21.771427971976127,77.55714307512555,5.0,10.0,0.09523809523809523,0.0,2
PRWI-0477,Forest,8,12,25.299999872843433,84.6999994913737,8.0,10.0,0.0,0.0,2
PRWI-0480,Forest,11,18,27.983333163791244,77.76111221313477,9.166666666666666,10.0,0.1111111111111111,0.0,2
PRWI-0491,Forest,12,16,24.137499809265126,82.5500030517578,9.375,10.0,0.0625,0.0,2
PRWI-0504,Forest,12,18,23.983333481682664,71.05555767483182,6.0,10.0,0.0,0.0,2
PRWI-0505,Forest,15,22,22.154545523903582,75.4181802923029,6.0,10.0,0.18181818181818182,0.0,2
PRWI-0508,Forest,14,18,24.68888812594939,85.2000003390842,7.444444444444445,10.0,0.05555555555555555,0.0,2
PRWI-0512,Forest,15,22,24.07727241516111,82.75000034679066,6.0,10.0,0.045454545454545456,0.0,2
PRWI-0516,Forest,15,24,24.366666793823253,81.91666666666667,6.583333333333333,10.0,0.0,0.0,2
PRWI-0530,Forest,15,21,22.866667429606167,73.06666564941406,6.666666666666667,10.0,0.09523809523809523,0.0,2
PRWI-0537,Forest,11,17,23.288234710693345,88.84706115722655,7.529411764705882,10.0,0.0,0.0,2
PRWI-0539,Forest,13,21,22.271429334368072,88.92856924874442,7.428571428571429,10.0,0.0,0.0,2
PRWI-0546,Forest,15,23,23.208696033643616,83.26956541641898,6.565217391304348,10.0,0.043478260869565216,0.0,2
PRWI-0555,Forest,12,16,28.0,82.95000076293945,10.0,10.0,0.0,0.0,2
PRWI-0575,Forest,11,21,22.899999981834775,84.74761599586125,6.0,10.0,0.047619047619047616,0.0,2
PRWI-0601,Forest,12,22,24.072727376764465,82.42726967551492,6.363636363636363,10.0,0.045454545454545456,0.0,2
PRWI-0608,Forest,10,18,27.0999994277954,81.8499984741211,9.0,10.0,0.0,0.05555555555555555,2
PRWI-0620,Forest,11,17,24.823528850779805,84.25882361916935,8.588235294117647,10.0,0.0,0.0,2
PRWI-0621,Forest,13,20,24.595000553131108,85.7499984741211,8.65,10.0,0.0,0.0,2
PRWI-0625,Forest,13,21,22.600000563121984,77.51428658621651,6.0,10.0,0.0,0.0,2
PRWI-0641,Forest,15,23,24.726086575052037,85.23913043478261,8.956521739130435,10.0,0.13043478260869565,0.0,2
PRWI-0648,Forest,13,18,24.4500007629395,84.64999771118165,7.5,10.0,0.0,0.0,2
PRWI-0651,Forest,13,23,23.226086740908432,75.82608629309613,7.0,10.0,0.0,0.0,2
PRWI-0653,Forest,12,20,23.699999809265147,81.54999923706056,7.0,10.0,0.0,0.0,2
PRWI-0656,Forest,12,18,25.472222010294583,81.78333070543079,8.555555555555555,10.0,0.0,0.0,2
PRWI-0660,Forest,13,20,26.38999958038328,77.95999946594239,8.45,10.0,0.05,0.0,2
PRWI-0669,Forest,11,14,26.0,83.54999923706055,9.0,10.0,0.0,0.0,2
PRWI-0689,Forest,7,10,24.95999984741212,84.21999816894532,8.2,10.0,0.0,0.0,2
PRWI-0691,Forest,13,25,23.368000030517578,86.42399841308594,7.96,10.0,0.08,0.0,2
PRWI-0695,Forest,10,16,26.8812503814697,88.31874895095827,9.5625,10.0,0.0,0.0,2
PRWI-0696,Forest,11,14,27.128570829118985,80.38571602957589,9.142857142857142,10.0,0.07142857142857142,0.0,2
PRWI-0712,Forest,14,22,22.154545523903582,80.93636183305222,5.590909090909091,10.0,0.0,0.0,2
PRWI-0721,Forest,11,16,24.993750214576707,77.15000104904173,6.75,10.0,0.125,0.0,2
PRWI-0722,Forest,12,22,26.018182407725956,90.89999944513495,9.0,10.0,0.13636363636363635,0.0,2
PRWI-0728,Forest,14,20,24.41000003814697,84.5249969482422,7.65,10.0,0.05,0.0,2
PRWI-0738,Forest,14,21,25.657142639160174,76.97142791748047,8.0,10.0,0.047619047619047616,0.0,2
PRWI-0741,Forest,14,21,24.06190472557431,85.11428578694661,7.428571428571429,10.0,0.23809523809523808,0.0,2
PRWI-0742,Forest,8,13,22.400000205406762,84.56923382098856,6.923076923076923,10.0,0.0,0.0,2
PRWI-0744,Forest,8,13,26.238460980928853,82.57692249004657,7.153846153846154,10.0,0.23076923076923078,0.0,2
PRWI-0750,Forest,14,25,24.12799957275388,80.97200134277342,6.32,10.0,0.0,0.0,2
PRWI-0751,Forest,6,8,24.7625007629395,84.38749980926514,6.75,10.0,0.0,0.0,2
PRWI-0759,Forest,12,19,22.83684238634615,81.89473644055818,6.0,10.0,0.0,0.0,2
PRWI-0779,Forest,14,22,24.431818095120487,84.87727390636097,6.2272727272727275,10.0,0.045454545454545456,0.0,2
PRWI-0783,Forest,14,16,23.5,83.5999984741211,9.0,10.0,0.0625,0.0,2
PRWI-0789,Forest,14,24,24.245833396911625,83.45000012715657,6.541666666666667,10.0,0.08333333333333333,0.0,2
PRWI-0796,Forest,10,16,24.0999994277954,80.29999923706055,9.5,10.0,0.0625,0.0,2
PRWI-0798,Forest,11,16,23.98750054836274,83.21874761581422,7.0,10.0,0.125,0.0,2
PRWI-0800,Forest,8,14,25.099999564034572,85.7857164655413,7.0,10.0,0.14285714285714285,0.0,2
ROCR-0004,Forest,15,29,22.265517530770154,77.35861995302398,5.620689655172414,10.0,0.0,0.034482758620689655,2
ROCR-0010,Forest,14,24,21.9000005722046,82.45000076293944,5.5,10.0,0.125,0.0,2
ROCR-0027,Forest,15,24,23.725000063578292,78.62916692097981,6.541666666666667,10.0,0.08333333333333333,0.0,2
ROCR-0045,Forest,13,17,21.376470004810994,87.6764714858111,7.529411764705882,10.0,0.0,0.0,2
ROCR-0055,Forest,11,18,22.083333333333332,81.38889016045464,7.388888888888889,10.0,0.05555555555555555,0.0,2
ROCR-0079,Forest,17,29,22.517241247769025,73.74827417834052,5.448275862068965,10.0,0.0,0.10344827586206896,2
ROCR-0092,Forest,13,23,22.808695834615946,79.45217464281166,6.956521739130435,10.0,0.13043478260869565,0.0,2
ROCR-0094,Forest,9,11,22.836363358931127,77.96363414417614,7.454545454545454,10.0,0.09090909090909091,0.0,2
ROCR-0111,Forest,11,16,23.337500214576707,72.76250171661376,6.4375,10.0,0.0625,0.0,2
ROCR-0121,Forest,12,14,21.400000435965442,80.97143118722097,5.714285714285714,10.0,0.07142857142857142,0.0,2
ROCR-0145,Forest,12,20,22.15999984741212,78.52000122070312,7.6,10.6,0.0,0.05,2
ROCR-0172,Forest,17,30,23.11333300272622,78.92666753133138,9.0,10.0,0.0,0.0,2
ROCR-0180,Forest,16,25,22.0,78.45999908447266,7.4,10.0,0.08,0.0,2
ROCR-0186,Forest,6,9,22.111111323038724,79.96666887071397,8.0,10.0,0.0,0.0,2
WOTR-0001,Forest,13,23,22.1130436607029,78.8913043478261,6.956521739130435,10.0,0.0,0.043478260869565216,2
WOTR-0003,Forest,12,21,21.45714323861256,79.64285823277064,7.0,10.0,0.0,0.0,2
WOTR-0004,Forest,16,28,20.69285760607041,78.04642922537667,7.0,10.0,0.0,0.0,2
WOTR-0007,Forest,10,17,22.164705725277138,74.9235278858858,7.0,10.0,0.0,0.0,2
WOTR-0008,Forest,10,14,21.200000490461104,72.36428560529437,6.714285714285714,10.0,0.0,0.0,2
WOTR-0009,Forest,14,24,21.450000286102313,85.27500057220459,6.625,10.0,0.0,0.0,2
